"COUNTY","CFIPS","YEAR","AGE","SEX","RACE","ETHNICITY","COUNT",
"","","","0","F","American Indian","Hispanic Origin","573",
"","","","0","F","American Indian","Not of Hispanic Origin","284",
"","","","0","F","Asian/Pacific Islander","Hispanic Origin","185",
"","","","0","F","Asian/Pacific Islander","Not of Hispanic Origin","1,218",
"","","","0","F","Black","Hispanic Origin","414",
"","","","0","F","Black","Not of Hispanic Origin","1,788",
"","","","0","F","White","Hispanic Origin","8,721",
"","","","0","F","White","Not of Hispanic Origin","18,968",
"","","","1","F","American Indian","Hispanic Origin","598",
"","","","1","F","American Indian","Not of Hispanic Origin","302",
"","","","1","F","Asian/Pacific Islander","Hispanic Origin","186",
"","","","1","F","Asian/Pacific Islander","Not of Hispanic Origin","1,236",
"","","","1","F","Black","Hispanic Origin","415",
"","","","1","F","Black","Not of Hispanic Origin","1,929",
"","","","1","F","White","Hispanic Origin","9,071",
"","","","1","F","White","Not of Hispanic Origin","19,132",
"","","","2","F","American Indian","Hispanic Origin","627",
"","","","2","F","American Indian","Not of Hispanic Origin","295",
"","","","2","F","Asian/Pacific Islander","Hispanic Origin","177",
"","","","2","F","Asian/Pacific Islander","Not of Hispanic Origin","1,247",
"","","","2","F","Black","Hispanic Origin","406",
"","","","2","F","Black","Not of Hispanic Origin","2,010",
"","","","2","F","White","Hispanic Origin","9,108",
"","","","2","F","White","Not of Hispanic Origin","19,161",
"","","","3","F","American Indian","Hispanic Origin","620",
"","","","3","F","American Indian","Not of Hispanic Origin","274",
"","","","3","F","Asian/Pacific Islander","Hispanic Origin","150",
"","","","3","F","Asian/Pacific Islander","Not of Hispanic Origin","1,266",
"","","","3","F","Black","Hispanic Origin","382",
"","","","3","F","Black","Not of Hispanic Origin","2,001",
"","","","3","F","White","Hispanic Origin","8,919",
"","","","3","F","White","Not of Hispanic Origin","19,244",
"","","","4","F","American Indian","Hispanic Origin","598",
"","","","4","F","American Indian","Not of Hispanic Origin","264",
"","","","4","F","Asian/Pacific Islander","Hispanic Origin","149",
"","","","4","F","Asian/Pacific Islander","Not of Hispanic Origin","1,272",
"","","","4","F","Black","Hispanic Origin","398",
"","","","4","F","Black","Not of Hispanic Origin","1,958",
"","","","4","F","White","Hispanic Origin","8,894",
"","","","4","F","White","Not of Hispanic Origin","18,979",
"","","","5","F","American Indian","Hispanic Origin","512",
"","","","5","F","American Indian","Not of Hispanic Origin","263",
"","","","5","F","Asian/Pacific Islander","Hispanic Origin","126",
"","","","5","F","Asian/Pacific Islander","Not of Hispanic Origin","1,228",
"","","","5","F","Black","Hispanic Origin","378",
"","","","5","F","Black","Not of Hispanic Origin","1,924",
"","","","5","F","White","Hispanic Origin","8,960",
"","","","5","F","White","Not of Hispanic Origin","19,173",
"","","","6","F","American Indian","Hispanic Origin","587",
"","","","6","F","American Indian","Not of Hispanic Origin","279",
"","","","6","F","Asian/Pacific Islander","Hispanic Origin","139",
"","","","6","F","Asian/Pacific Islander","Not of Hispanic Origin","1,236",
"","","","6","F","Black","Hispanic Origin","379",
"","","","6","F","Black","Not of Hispanic Origin","1,965",
"","","","6","F","White","Hispanic Origin","9,509",
"","","","6","F","White","Not of Hispanic Origin","19,271",
"","","","7","F","American Indian","Hispanic Origin","571",
"","","","7","F","American Indian","Not of Hispanic Origin","267",
"","","","7","F","Asian/Pacific Islander","Hispanic Origin","181",
"","","","7","F","Asian/Pacific Islander","Not of Hispanic Origin","1,258",
"","","","7","F","Black","Hispanic Origin","464",
"","","","7","F","Black","Not of Hispanic Origin","1,879",
"","","","7","F","White","Hispanic Origin","9,571",
"","","","7","F","White","Not of Hispanic Origin","19,244",
"","","","8","F","American Indian","Hispanic Origin","609",
"","","","8","F","American Indian","Not of Hispanic Origin","242",
"","","","8","F","Asian/Pacific Islander","Hispanic Origin","192",
"","","","8","F","Asian/Pacific Islander","Not of Hispanic Origin","1,261",
"","","","8","F","Black","Hispanic Origin","436",
"","","","8","F","Black","Not of Hispanic Origin","1,892",
"","","","8","F","White","Hispanic Origin","9,833",
"","","","8","F","White","Not of Hispanic Origin","19,772",
"","","","9","F","American Indian","Hispanic Origin","567",
"","","","9","F","American Indian","Not of Hispanic Origin","265",
"","","","9","F","Asian/Pacific Islander","Hispanic Origin","180",
"","","","9","F","Asian/Pacific Islander","Not of Hispanic Origin","1,345",
"","","","9","F","Black","Hispanic Origin","437",
"","","","9","F","Black","Not of Hispanic Origin","1,964",
"","","","9","F","White","Hispanic Origin","9,955",
"","","","9","F","White","Not of Hispanic Origin","20,327",
"","","","10","F","American Indian","Hispanic Origin","613",
"","","","10","F","American Indian","Not of Hispanic Origin","263",
"","","","10","F","Asian/Pacific Islander","Hispanic Origin","189",
"","","","10","F","Asian/Pacific Islander","Not of Hispanic Origin","1,345",
"","","","10","F","Black","Hispanic Origin","462",
"","","","10","F","Black","Not of Hispanic Origin","1,912",
"","","","10","F","White","Hispanic Origin","10,260",
"","","","10","F","White","Not of Hispanic Origin","20,793",
"","","","11","F","American Indian","Hispanic Origin","611",
"","","","11","F","American Indian","Not of Hispanic Origin","254",
"","","","11","F","Asian/Pacific Islander","Hispanic Origin","193",
"","","","11","F","Asian/Pacific Islander","Not of Hispanic Origin","1,498",
"","","","11","F","Black","Hispanic Origin","450",
"","","","11","F","Black","Not of Hispanic Origin","1,991",
"","","","11","F","White","Hispanic Origin","10,113",
"","","","11","F","White","Not of Hispanic Origin","21,214",
"","","","12","F","American Indian","Hispanic Origin","611",
"","","","12","F","American Indian","Not of Hispanic Origin","264",
"","","","12","F","Asian/Pacific Islander","Hispanic Origin","161",
"","","","12","F","Asian/Pacific Islander","Not of Hispanic Origin","1,491",
"","","","12","F","Black","Hispanic Origin","438",
"","","","12","F","Black","Not of Hispanic Origin","1,896",
"","","","12","F","White","Hispanic Origin","10,121",
"","","","12","F","White","Not of Hispanic Origin","21,047",
"","","","13","F","American Indian","Hispanic Origin","571",
"","","","13","F","American Indian","Not of Hispanic Origin","243",
"","","","13","F","Asian/Pacific Islander","Hispanic Origin","175",
"","","","13","F","Asian/Pacific Islander","Not of Hispanic Origin","1,575",
"","","","13","F","Black","Hispanic Origin","431",
"","","","13","F","Black","Not of Hispanic Origin","1,880",
"","","","13","F","White","Hispanic Origin","10,014",
"","","","13","F","White","Not of Hispanic Origin","21,364",
"","","","14","F","American Indian","Hispanic Origin","570",
"","","","14","F","American Indian","Not of Hispanic Origin","240",
"","","","14","F","Asian/Pacific Islander","Hispanic Origin","171",
"","","","14","F","Asian/Pacific Islander","Not of Hispanic Origin","1,540",
"","","","14","F","Black","Hispanic Origin","427",
"","","","14","F","Black","Not of Hispanic Origin","1,876",
"","","","14","F","White","Hispanic Origin","10,007",
"","","","14","F","White","Not of Hispanic Origin","21,165",
"","","","15","F","American Indian","Hispanic Origin","580",
"","","","15","F","American Indian","Not of Hispanic Origin","265",
"","","","15","F","Asian/Pacific Islander","Hispanic Origin","166",
"","","","15","F","Asian/Pacific Islander","Not of Hispanic Origin","1,535",
"","","","15","F","Black","Hispanic Origin","414",
"","","","15","F","Black","Not of Hispanic Origin","1,895",
"","","","15","F","White","Hispanic Origin","9,612",
"","","","15","F","White","Not of Hispanic Origin","20,849",
"","","","16","F","American Indian","Hispanic Origin","586",
"","","","16","F","American Indian","Not of Hispanic Origin","278",
"","","","16","F","Asian/Pacific Islander","Hispanic Origin","158",
"","","","16","F","Asian/Pacific Islander","Not of Hispanic Origin","1,449",
"","","","16","F","Black","Hispanic Origin","403",
"","","","16","F","Black","Not of Hispanic Origin","1,905",
"","","","16","F","White","Hispanic Origin","9,850",
"","","","16","F","White","Not of Hispanic Origin","21,093",
"","","","17","F","American Indian","Hispanic Origin","585",
"","","","17","F","American Indian","Not of Hispanic Origin","287",
"","","","17","F","Asian/Pacific Islander","Hispanic Origin","127",
"","","","17","F","Asian/Pacific Islander","Not of Hispanic Origin","1,446",
"","","","17","F","Black","Hispanic Origin","416",
"","","","17","F","Black","Not of Hispanic Origin","1,884",
"","","","17","F","White","Hispanic Origin","9,854",
"","","","17","F","White","Not of Hispanic Origin","20,865",
"","","","18","F","American Indian","Hispanic Origin","591",
"","","","18","F","American Indian","Not of Hispanic Origin","347",
"","","","18","F","Asian/Pacific Islander","Hispanic Origin","167",
"","","","18","F","Asian/Pacific Islander","Not of Hispanic Origin","1,381",
"","","","18","F","Black","Hispanic Origin","378",
"","","","18","F","Black","Not of Hispanic Origin","1,933",
"","","","18","F","White","Hispanic Origin","9,744",
"","","","18","F","White","Not of Hispanic Origin","21,869",
"","","","19","F","American Indian","Hispanic Origin","567",
"","","","19","F","American Indian","Not of Hispanic Origin","414",
"","","","19","F","Asian/Pacific Islander","Hispanic Origin","165",
"","","","19","F","Asian/Pacific Islander","Not of Hispanic Origin","1,519",
"","","","19","F","Black","Hispanic Origin","362",
"","","","19","F","Black","Not of Hispanic Origin","1,893",
"","","","19","F","White","Hispanic Origin","9,874",
"","","","19","F","White","Not of Hispanic Origin","22,304",
"","","","20","F","American Indian","Hispanic Origin","565",
"","","","20","F","American Indian","Not of Hispanic Origin","375",
"","","","20","F","Asian/Pacific Islander","Hispanic Origin","140",
"","","","20","F","Asian/Pacific Islander","Not of Hispanic Origin","1,529",
"","","","20","F","Black","Hispanic Origin","351",
"","","","20","F","Black","Not of Hispanic Origin","2,024",
"","","","20","F","White","Hispanic Origin","9,615",
"","","","20","F","White","Not of Hispanic Origin","22,247",
"","","","21","F","American Indian","Hispanic Origin","530",
"","","","21","F","American Indian","Not of Hispanic Origin","466",
"","","","21","F","Asian/Pacific Islander","Hispanic Origin","140",
"","","","21","F","Asian/Pacific Islander","Not of Hispanic Origin","1,627",
"","","","21","F","Black","Hispanic Origin","358",
"","","","21","F","Black","Not of Hispanic Origin","2,032",
"","","","21","F","White","Hispanic Origin","9,332",
"","","","21","F","White","Not of Hispanic Origin","22,252",
"","","","22","F","American Indian","Hispanic Origin","524",
"","","","22","F","American Indian","Not of Hispanic Origin","425",
"","","","22","F","Asian/Pacific Islander","Hispanic Origin","149",
"","","","22","F","Asian/Pacific Islander","Not of Hispanic Origin","1,682",
"","","","22","F","Black","Hispanic Origin","345",
"","","","22","F","Black","Not of Hispanic Origin","2,025",
"","","","22","F","White","Hispanic Origin","8,841",
"","","","22","F","White","Not of Hispanic Origin","22,593",
"","","","23","F","American Indian","Hispanic Origin","532",
"","","","23","F","American Indian","Not of Hispanic Origin","419",
"","","","23","F","Asian/Pacific Islander","Hispanic Origin","145",
"","","","23","F","Asian/Pacific Islander","Not of Hispanic Origin","1,648",
"","","","23","F","Black","Hispanic Origin","319",
"","","","23","F","Black","Not of Hispanic Origin","2,066",
"","","","23","F","White","Hispanic Origin","8,546",
"","","","23","F","White","Not of Hispanic Origin","23,475",
"","","","24","F","American Indian","Hispanic Origin","481",
"","","","24","F","American Indian","Not of Hispanic Origin","422",
"","","","24","F","Asian/Pacific Islander","Hispanic Origin","138",
"","","","24","F","Asian/Pacific Islander","Not of Hispanic Origin","1,605",
"","","","24","F","Black","Hispanic Origin","304",
"","","","24","F","Black","Not of Hispanic Origin","2,113",
"","","","24","F","White","Hispanic Origin","8,676",
"","","","24","F","White","Not of Hispanic Origin","24,202",
"","","","25","F","American Indian","Hispanic Origin","527",
"","","","25","F","American Indian","Not of Hispanic Origin","429",
"","","","25","F","Asian/Pacific Islander","Hispanic Origin","160",
"","","","25","F","Asian/Pacific Islander","Not of Hispanic Origin","1,760",
"","","","25","F","Black","Hispanic Origin","340",
"","","","25","F","Black","Not of Hispanic Origin","2,078",
"","","","25","F","White","Hispanic Origin","8,369",
"","","","25","F","White","Not of Hispanic Origin","25,637",
"","","","26","F","American Indian","Hispanic Origin","481",
"","","","26","F","American Indian","Not of Hispanic Origin","387",
"","","","26","F","Asian/Pacific Islander","Hispanic Origin","160",
"","","","26","F","Asian/Pacific Islander","Not of Hispanic Origin","1,850",
"","","","26","F","Black","Hispanic Origin","345",
"","","","26","F","Black","Not of Hispanic Origin","1,960",
"","","","26","F","White","Hispanic Origin","8,217",
"","","","26","F","White","Not of Hispanic Origin","26,814",
"","","","27","F","American Indian","Hispanic Origin","443",
"","","","27","F","American Indian","Not of Hispanic Origin","356",
"","","","27","F","Asian/Pacific Islander","Hispanic Origin","132",
"","","","27","F","Asian/Pacific Islander","Not of Hispanic Origin","1,901",
"","","","27","F","Black","Hispanic Origin","299",
"","","","27","F","Black","Not of Hispanic Origin","1,945",
"","","","27","F","White","Hispanic Origin","8,115",
"","","","27","F","White","Not of Hispanic Origin","27,887",
"","","","28","F","American Indian","Hispanic Origin","446",
"","","","28","F","American Indian","Not of Hispanic Origin","338",
"","","","28","F","Asian/Pacific Islander","Hispanic Origin","135",
"","","","28","F","Asian/Pacific Islander","Not of Hispanic Origin","2,112",
"","","","28","F","Black","Hispanic Origin","288",
"","","","28","F","Black","Not of Hispanic Origin","2,087",
"","","","28","F","White","Hispanic Origin","8,225",
"","","","28","F","White","Not of Hispanic Origin","28,080",
"","","","29","F","American Indian","Hispanic Origin","475",
"","","","29","F","American Indian","Not of Hispanic Origin","343",
"","","","29","F","Asian/Pacific Islander","Hispanic Origin","167",
"","","","29","F","Asian/Pacific Islander","Not of Hispanic Origin","2,126",
"","","","29","F","Black","Hispanic Origin","303",
"","","","29","F","Black","Not of Hispanic Origin","2,006",
"","","","29","F","White","Hispanic Origin","8,468",
"","","","29","F","White","Not of Hispanic Origin","29,471",
"","","","30","F","American Indian","Hispanic Origin","479",
"","","","30","F","American Indian","Not of Hispanic Origin","368",
"","","","30","F","Asian/Pacific Islander","Hispanic Origin","182",
"","","","30","F","Asian/Pacific Islander","Not of Hispanic Origin","2,195",
"","","","30","F","Black","Hispanic Origin","299",
"","","","30","F","Black","Not of Hispanic Origin","2,007",
"","","","30","F","White","Hispanic Origin","8,748",
"","","","30","F","White","Not of Hispanic Origin","29,960",
"","","","31","F","American Indian","Hispanic Origin","512",
"","","","31","F","American Indian","Not of Hispanic Origin","323",
"","","","31","F","Asian/Pacific Islander","Hispanic Origin","143",
"","","","31","F","Asian/Pacific Islander","Not of Hispanic Origin","2,216",
"","","","31","F","Black","Hispanic Origin","306",
"","","","31","F","Black","Not of Hispanic Origin","1,964",
"","","","31","F","White","Hispanic Origin","8,591",
"","","","31","F","White","Not of Hispanic Origin","30,066",
"","","","32","F","American Indian","Hispanic Origin","524",
"","","","32","F","American Indian","Not of Hispanic Origin","341",
"","","","32","F","Asian/Pacific Islander","Hispanic Origin","132",
"","","","32","F","Asian/Pacific Islander","Not of Hispanic Origin","2,085",
"","","","32","F","Black","Hispanic Origin","288",
"","","","32","F","Black","Not of Hispanic Origin","1,816",
"","","","32","F","White","Hispanic Origin","8,332",
"","","","32","F","White","Not of Hispanic Origin","28,991",
"","","","33","F","American Indian","Hispanic Origin","502",
"","","","33","F","American Indian","Not of Hispanic Origin","281",
"","","","33","F","Asian/Pacific Islander","Hispanic Origin","122",
"","","","33","F","Asian/Pacific Islander","Not of Hispanic Origin","2,000",
"","","","33","F","Black","Hispanic Origin","293",
"","","","33","F","Black","Not of Hispanic Origin","1,734",
"","","","33","F","White","Hispanic Origin","8,078",
"","","","33","F","White","Not of Hispanic Origin","27,682",
"","","","34","F","American Indian","Hispanic Origin","470",
"","","","34","F","American Indian","Not of Hispanic Origin","301",
"","","","34","F","Asian/Pacific Islander","Hispanic Origin","125",
"","","","34","F","Asian/Pacific Islander","Not of Hispanic Origin","1,916",
"","","","34","F","Black","Hispanic Origin","296",
"","","","34","F","Black","Not of Hispanic Origin","1,730",
"","","","34","F","White","Hispanic Origin","7,832",
"","","","34","F","White","Not of Hispanic Origin","27,292",
"","","","35","F","American Indian","Hispanic Origin","438",
"","","","35","F","American Indian","Not of Hispanic Origin","305",
"","","","35","F","Asian/Pacific Islander","Hispanic Origin","125",
"","","","35","F","Asian/Pacific Islander","Not of Hispanic Origin","1,879",
"","","","35","F","Black","Hispanic Origin","292",
"","","","35","F","Black","Not of Hispanic Origin","1,692",
"","","","35","F","White","Hispanic Origin","7,727",
"","","","35","F","White","Not of Hispanic Origin","26,871",
"","","","36","F","American Indian","Hispanic Origin","430",
"","","","36","F","American Indian","Not of Hispanic Origin","275",
"","","","36","F","Asian/Pacific Islander","Hispanic Origin","123",
"","","","36","F","Asian/Pacific Islander","Not of Hispanic Origin","1,757",
"","","","36","F","Black","Hispanic Origin","277",
"","","","36","F","Black","Not of Hispanic Origin","1,574",
"","","","36","F","White","Hispanic Origin","7,619",
"","","","36","F","White","Not of Hispanic Origin","26,088",
"","","","37","F","American Indian","Hispanic Origin","443",
"","","","37","F","American Indian","Not of Hispanic Origin","325",
"","","","37","F","Asian/Pacific Islander","Hispanic Origin","132",
"","","","37","F","Asian/Pacific Islander","Not of Hispanic Origin","1,790",
"","","","37","F","Black","Hispanic Origin","292",
"","","","37","F","Black","Not of Hispanic Origin","1,587",
"","","","37","F","White","Hispanic Origin","7,891",
"","","","37","F","White","Not of Hispanic Origin","26,307",
"","","","38","F","American Indian","Hispanic Origin","451",
"","","","38","F","American Indian","Not of Hispanic Origin","306",
"","","","38","F","Asian/Pacific Islander","Hispanic Origin","138",
"","","","38","F","Asian/Pacific Islander","Not of Hispanic Origin","1,743",
"","","","38","F","Black","Hispanic Origin","270",
"","","","38","F","Black","Not of Hispanic Origin","1,559",
"","","","38","F","White","Hispanic Origin","7,484",
"","","","38","F","White","Not of Hispanic Origin","25,384",
"","","","39","F","American Indian","Hispanic Origin","448",
"","","","39","F","American Indian","Not of Hispanic Origin","270",
"","","","39","F","Asian/Pacific Islander","Hispanic Origin","132",
"","","","39","F","Asian/Pacific Islander","Not of Hispanic Origin","1,760",
"","","","39","F","Black","Hispanic Origin","249",
"","","","39","F","Black","Not of Hispanic Origin","1,512",
"","","","39","F","White","Hispanic Origin","7,694",
"","","","39","F","White","Not of Hispanic Origin","25,019",
"","","","40","F","American Indian","Hispanic Origin","467",
"","","","40","F","American Indian","Not of Hispanic Origin","273",
"","","","40","F","Asian/Pacific Islander","Hispanic Origin","118",
"","","","40","F","Asian/Pacific Islander","Not of Hispanic Origin","1,720",
"","","","40","F","Black","Hispanic Origin","231",
"","","","40","F","Black","Not of Hispanic Origin","1,506",
"","","","40","F","White","Hispanic Origin","7,686",
"","","","40","F","White","Not of Hispanic Origin","24,405",
"","","","41","F","American Indian","Hispanic Origin","442",
"","","","41","F","American Indian","Not of Hispanic Origin","244",
"","","","41","F","Asian/Pacific Islander","Hispanic Origin","115",
"","","","41","F","Asian/Pacific Islander","Not of Hispanic Origin","1,802",
"","","","41","F","Black","Hispanic Origin","255",
"","","","41","F","Black","Not of Hispanic Origin","1,422",
"","","","41","F","White","Hispanic Origin","7,799",
"","","","41","F","White","Not of Hispanic Origin","23,755",
"","","","42","F","American Indian","Hispanic Origin","441",
"","","","42","F","American Indian","Not of Hispanic Origin","283",
"","","","42","F","Asian/Pacific Islander","Hispanic Origin","96",
"","","","42","F","Asian/Pacific Islander","Not of Hispanic Origin","1,907",
"","","","42","F","Black","Hispanic Origin","253",
"","","","42","F","Black","Not of Hispanic Origin","1,436",
"","","","42","F","White","Hispanic Origin","7,425",
"","","","42","F","White","Not of Hispanic Origin","24,190",
"","","","43","F","American Indian","Hispanic Origin","420",
"","","","43","F","American Indian","Not of Hispanic Origin","285",
"","","","43","F","Asian/Pacific Islander","Hispanic Origin","102",
"","","","43","F","Asian/Pacific Islander","Not of Hispanic Origin","1,856",
"","","","43","F","Black","Hispanic Origin","212",
"","","","43","F","Black","Not of Hispanic Origin","1,370",
"","","","43","F","White","Hispanic Origin","7,375",
"","","","43","F","White","Not of Hispanic Origin","23,535",
"","","","44","F","American Indian","Hispanic Origin","391",
"","","","44","F","American Indian","Not of Hispanic Origin","285",
"","","","44","F","Asian/Pacific Islander","Hispanic Origin","123",
"","","","44","F","Asian/Pacific Islander","Not of Hispanic Origin","1,856",
"","","","44","F","Black","Hispanic Origin","206",
"","","","44","F","Black","Not of Hispanic Origin","1,441",
"","","","44","F","White","Hispanic Origin","7,226",
"","","","44","F","White","Not of Hispanic Origin","23,727",
"","","","45","F","American Indian","Hispanic Origin","384",
"","","","45","F","American Indian","Not of Hispanic Origin","299",
"","","","45","F","Asian/Pacific Islander","Hispanic Origin","97",
"","","","45","F","Asian/Pacific Islander","Not of Hispanic Origin","1,845",
"","","","45","F","Black","Hispanic Origin","212",
"","","","45","F","Black","Not of Hispanic Origin","1,496",
"","","","45","F","White","Hispanic Origin","6,953",
"","","","45","F","White","Not of Hispanic Origin","24,954",
"","","","46","F","American Indian","Hispanic Origin","371",
"","","","46","F","American Indian","Not of Hispanic Origin","312",
"","","","46","F","Asian/Pacific Islander","Hispanic Origin","100",
"","","","46","F","Asian/Pacific Islander","Not of Hispanic Origin","1,657",
"","","","46","F","Black","Hispanic Origin","188",
"","","","46","F","Black","Not of Hispanic Origin","1,514",
"","","","46","F","White","Hispanic Origin","6,822",
"","","","46","F","White","Not of Hispanic Origin","26,815",
"","","","47","F","American Indian","Hispanic Origin","345",
"","","","47","F","American Indian","Not of Hispanic Origin","282",
"","","","47","F","Asian/Pacific Islander","Hispanic Origin","90",
"","","","47","F","Asian/Pacific Islander","Not of Hispanic Origin","1,694",
"","","","47","F","Black","Hispanic Origin","184",
"","","","47","F","Black","Not of Hispanic Origin","1,527",
"","","","47","F","White","Hispanic Origin","6,485",
"","","","47","F","White","Not of Hispanic Origin","27,344",
"","","","48","F","American Indian","Hispanic Origin","324",
"","","","48","F","American Indian","Not of Hispanic Origin","255",
"","","","48","F","Asian/Pacific Islander","Hispanic Origin","106",
"","","","48","F","Asian/Pacific Islander","Not of Hispanic Origin","1,602",
"","","","48","F","Black","Hispanic Origin","193",
"","","","48","F","Black","Not of Hispanic Origin","1,373",
"","","","48","F","White","Hispanic Origin","6,248",
"","","","48","F","White","Not of Hispanic Origin","26,116",
"","","","49","F","American Indian","Hispanic Origin","317",
"","","","49","F","American Indian","Not of Hispanic Origin","264",
"","","","49","F","Asian/Pacific Islander","Hispanic Origin","76",
"","","","49","F","Asian/Pacific Islander","Not of Hispanic Origin","1,523",
"","","","49","F","Black","Hispanic Origin","160",
"","","","49","F","Black","Not of Hispanic Origin","1,388",
"","","","49","F","White","Hispanic Origin","5,905",
"","","","49","F","White","Not of Hispanic Origin","24,579",
"","","","50","F","American Indian","Hispanic Origin","331",
"","","","50","F","American Indian","Not of Hispanic Origin","260",
"","","","50","F","Asian/Pacific Islander","Hispanic Origin","74",
"","","","50","F","Asian/Pacific Islander","Not of Hispanic Origin","1,386",
"","","","50","F","Black","Hispanic Origin","138",
"","","","50","F","Black","Not of Hispanic Origin","1,254",
"","","","50","F","White","Hispanic Origin","5,477",
"","","","50","F","White","Not of Hispanic Origin","24,481",
"","","","51","F","American Indian","Hispanic Origin","357",
"","","","51","F","American Indian","Not of Hispanic Origin","265",
"","","","51","F","Asian/Pacific Islander","Hispanic Origin","76",
"","","","51","F","Asian/Pacific Islander","Not of Hispanic Origin","1,371",
"","","","51","F","Black","Hispanic Origin","111",
"","","","51","F","Black","Not of Hispanic Origin","1,313",
"","","","51","F","White","Hispanic Origin","5,558",
"","","","51","F","White","Not of Hispanic Origin","24,926",
"","","","52","F","American Indian","Hispanic Origin","337",
"","","","52","F","American Indian","Not of Hispanic Origin","280",
"","","","52","F","Asian/Pacific Islander","Hispanic Origin","68",
"","","","52","F","Asian/Pacific Islander","Not of Hispanic Origin","1,417",
"","","","52","F","Black","Hispanic Origin","142",
"","","","52","F","Black","Not of Hispanic Origin","1,440",
"","","","52","F","White","Hispanic Origin","5,648",
"","","","52","F","White","Not of Hispanic Origin","26,573",
"","","","53","F","American Indian","Hispanic Origin","340",
"","","","53","F","American Indian","Not of Hispanic Origin","301",
"","","","53","F","Asian/Pacific Islander","Hispanic Origin","68",
"","","","53","F","Asian/Pacific Islander","Not of Hispanic Origin","1,434",
"","","","53","F","Black","Hispanic Origin","139",
"","","","53","F","Black","Not of Hispanic Origin","1,366",
"","","","53","F","White","Hispanic Origin","5,383",
"","","","53","F","White","Not of Hispanic Origin","27,846",
"","","","54","F","American Indian","Hispanic Origin","357",
"","","","54","F","American Indian","Not of Hispanic Origin","276",
"","","","54","F","Asian/Pacific Islander","Hispanic Origin","65",
"","","","54","F","Asian/Pacific Islander","Not of Hispanic Origin","1,390",
"","","","54","F","Black","Hispanic Origin","123",
"","","","54","F","Black","Not of Hispanic Origin","1,350",
"","","","54","F","White","Hispanic Origin","5,288",
"","","","54","F","White","Not of Hispanic Origin","28,767",
"","","","55","F","American Indian","Hispanic Origin","356",
"","","","55","F","American Indian","Not of Hispanic Origin","292",
"","","","55","F","Asian/Pacific Islander","Hispanic Origin","70",
"","","","55","F","Asian/Pacific Islander","Not of Hispanic Origin","1,244",
"","","","55","F","Black","Hispanic Origin","112",
"","","","55","F","Black","Not of Hispanic Origin","1,481",
"","","","55","F","White","Hispanic Origin","5,097",
"","","","55","F","White","Not of Hispanic Origin","29,296",
"","","","56","F","American Indian","Hispanic Origin","317",
"","","","56","F","American Indian","Not of Hispanic Origin","288",
"","","","56","F","Asian/Pacific Islander","Hispanic Origin","61",
"","","","56","F","Asian/Pacific Islander","Not of Hispanic Origin","1,228",
"","","","56","F","Black","Hispanic Origin","104",
"","","","56","F","Black","Not of Hispanic Origin","1,495",
"","","","56","F","White","Hispanic Origin","4,891",
"","","","56","F","White","Not of Hispanic Origin","30,206",
"","","","57","F","American Indian","Hispanic Origin","315",
"","","","57","F","American Indian","Not of Hispanic Origin","290",
"","","","57","F","Asian/Pacific Islander","Hispanic Origin","67",
"","","","57","F","Asian/Pacific Islander","Not of Hispanic Origin","1,232",
"","","","57","F","Black","Hispanic Origin","117",
"","","","57","F","Black","Not of Hispanic Origin","1,458",
"","","","57","F","White","Hispanic Origin","4,938",
"","","","57","F","White","Not of Hispanic Origin","30,460",
"","","","58","F","American Indian","Hispanic Origin","280",
"","","","58","F","American Indian","Not of Hispanic Origin","264",
"","","","58","F","Asian/Pacific Islander","Hispanic Origin","67",
"","","","58","F","Asian/Pacific Islander","Not of Hispanic Origin","1,122",
"","","","58","F","Black","Hispanic Origin","108",
"","","","58","F","Black","Not of Hispanic Origin","1,404",
"","","","58","F","White","Hispanic Origin","4,571",
"","","","58","F","White","Not of Hispanic Origin","29,689",
"","","","59","F","American Indian","Hispanic Origin","287",
"","","","59","F","American Indian","Not of Hispanic Origin","283",
"","","","59","F","Asian/Pacific Islander","Hispanic Origin","50",
"","","","59","F","Asian/Pacific Islander","Not of Hispanic Origin","1,123",
"","","","59","F","Black","Hispanic Origin","91",
"","","","59","F","Black","Not of Hispanic Origin","1,366",
"","","","59","F","White","Hispanic Origin","4,269",
"","","","59","F","White","Not of Hispanic Origin","29,310",
"","","","60","F","American Indian","Hispanic Origin","259",
"","","","60","F","American Indian","Not of Hispanic Origin","273",
"","","","60","F","Asian/Pacific Islander","Hispanic Origin","48",
"","","","60","F","Asian/Pacific Islander","Not of Hispanic Origin","1,068",
"","","","60","F","Black","Hispanic Origin","95",
"","","","60","F","Black","Not of Hispanic Origin","1,305",
"","","","60","F","White","Hispanic Origin","4,169",
"","","","60","F","White","Not of Hispanic Origin","28,965",
"","","","61","F","American Indian","Hispanic Origin","250",
"","","","61","F","American Indian","Not of Hispanic Origin","275",
"","","","61","F","Asian/Pacific Islander","Hispanic Origin","48",
"","","","61","F","Asian/Pacific Islander","Not of Hispanic Origin","1,094",
"","","","61","F","Black","Hispanic Origin","71",
"","","","61","F","Black","Not of Hispanic Origin","1,210",
"","","","61","F","White","Hispanic Origin","3,923",
"","","","61","F","White","Not of Hispanic Origin","28,371",
"","","","62","F","American Indian","Hispanic Origin","229",
"","","","62","F","American Indian","Not of Hispanic Origin","263",
"","","","62","F","Asian/Pacific Islander","Hispanic Origin","47",
"","","","62","F","Asian/Pacific Islander","Not of Hispanic Origin","1,031",
"","","","62","F","Black","Hispanic Origin","67",
"","","","62","F","Black","Not of Hispanic Origin","1,184",
"","","","62","F","White","Hispanic Origin","3,776",
"","","","62","F","White","Not of Hispanic Origin","27,840",
"","","","63","F","American Indian","Hispanic Origin","206",
"","","","63","F","American Indian","Not of Hispanic Origin","216",
"","","","63","F","Asian/Pacific Islander","Hispanic Origin","38",
"","","","63","F","Asian/Pacific Islander","Not of Hispanic Origin","976",
"","","","63","F","Black","Hispanic Origin","61",
"","","","63","F","Black","Not of Hispanic Origin","1,129",
"","","","63","F","White","Hispanic Origin","3,504",
"","","","63","F","White","Not of Hispanic Origin","27,161",
"","","","64","F","American Indian","Hispanic Origin","187",
"","","","64","F","American Indian","Not of Hispanic Origin","225",
"","","","64","F","Asian/Pacific Islander","Hispanic Origin","27",
"","","","64","F","Asian/Pacific Islander","Not of Hispanic Origin","922",
"","","","64","F","Black","Hispanic Origin","53",
"","","","64","F","Black","Not of Hispanic Origin","995",
"","","","64","F","White","Hispanic Origin","3,256",
"","","","64","F","White","Not of Hispanic Origin","26,558",
"","","","65","F","American Indian","Hispanic Origin","188",
"","","","65","F","American Indian","Not of Hispanic Origin","215",
"","","","65","F","Asian/Pacific Islander","Hispanic Origin","33",
"","","","65","F","Asian/Pacific Islander","Not of Hispanic Origin","857",
"","","","65","F","Black","Hispanic Origin","47",
"","","","65","F","Black","Not of Hispanic Origin","942",
"","","","65","F","White","Hispanic Origin","3,142",
"","","","65","F","White","Not of Hispanic Origin","25,260",
"","","","66","F","American Indian","Hispanic Origin","185",
"","","","66","F","American Indian","Not of Hispanic Origin","174",
"","","","66","F","Asian/Pacific Islander","Hispanic Origin","26",
"","","","66","F","Asian/Pacific Islander","Not of Hispanic Origin","845",
"","","","66","F","Black","Hispanic Origin","35",
"","","","66","F","Black","Not of Hispanic Origin","890",
"","","","66","F","White","Hispanic Origin","2,895",
"","","","66","F","White","Not of Hispanic Origin","24,073",
"","","","67","F","American Indian","Hispanic Origin","146",
"","","","67","F","American Indian","Not of Hispanic Origin","187",
"","","","67","F","Asian/Pacific Islander","Hispanic Origin","31",
"","","","67","F","Asian/Pacific Islander","Not of Hispanic Origin","845",
"","","","67","F","Black","Hispanic Origin","44",
"","","","67","F","Black","Not of Hispanic Origin","838",
"","","","67","F","White","Hispanic Origin","2,804",
"","","","67","F","White","Not of Hispanic Origin","23,502",
"","","","68","F","American Indian","Hispanic Origin","156",
"","","","68","F","American Indian","Not of Hispanic Origin","178",
"","","","68","F","Asian/Pacific Islander","Hispanic Origin","19",
"","","","68","F","Asian/Pacific Islander","Not of Hispanic Origin","786",
"","","","68","F","Black","Hispanic Origin","42",
"","","","68","F","Black","Not of Hispanic Origin","699",
"","","","68","F","White","Hispanic Origin","2,673",
"","","","68","F","White","Not of Hispanic Origin","22,654",
"","","","69","F","American Indian","Hispanic Origin","133",
"","","","69","F","American Indian","Not of Hispanic Origin","162",
"","","","69","F","Asian/Pacific Islander","Hispanic Origin","24",
"","","","69","F","Asian/Pacific Islander","Not of Hispanic Origin","758",
"","","","69","F","Black","Hispanic Origin","38",
"","","","69","F","Black","Not of Hispanic Origin","700",
"","","","69","F","White","Hispanic Origin","2,549",
"","","","69","F","White","Not of Hispanic Origin","22,569",
"","","","70","F","American Indian","Hispanic Origin","121",
"","","","70","F","American Indian","Not of Hispanic Origin","147",
"","","","70","F","Asian/Pacific Islander","Hispanic Origin","33",
"","","","70","F","Asian/Pacific Islander","Not of Hispanic Origin","671",
"","","","70","F","Black","Hispanic Origin","23",
"","","","70","F","Black","Not of Hispanic Origin","646",
"","","","70","F","White","Hispanic Origin","2,474",
"","","","70","F","White","Not of Hispanic Origin","22,524",
"","","","71","F","American Indian","Hispanic Origin","101",
"","","","71","F","American Indian","Not of Hispanic Origin","129",
"","","","71","F","Asian/Pacific Islander","Hispanic Origin","27",
"","","","71","F","Asian/Pacific Islander","Not of Hispanic Origin","611",
"","","","71","F","Black","Hispanic Origin","25",
"","","","71","F","Black","Not of Hispanic Origin","552",
"","","","71","F","White","Hispanic Origin","2,250",
"","","","71","F","White","Not of Hispanic Origin","17,518",
"","","","72","F","American Indian","Hispanic Origin","113",
"","","","72","F","American Indian","Not of Hispanic Origin","93",
"","","","72","F","Asian/Pacific Islander","Hispanic Origin","18",
"","","","72","F","Asian/Pacific Islander","Not of Hispanic Origin","539",
"","","","72","F","Black","Hispanic Origin","21",
"","","","72","F","Black","Not of Hispanic Origin","518",
"","","","72","F","White","Hispanic Origin","1,948",
"","","","72","F","White","Not of Hispanic Origin","16,228",
"","","","73","F","American Indian","Hispanic Origin","88",
"","","","73","F","American Indian","Not of Hispanic Origin","104",
"","","","73","F","Asian/Pacific Islander","Hispanic Origin","14",
"","","","73","F","Asian/Pacific Islander","Not of Hispanic Origin","500",
"","","","73","F","Black","Hispanic Origin","21",
"","","","73","F","Black","Not of Hispanic Origin","508",
"","","","73","F","White","Hispanic Origin","1,832",
"","","","73","F","White","Not of Hispanic Origin","15,683",
"","","","74","F","American Indian","Hispanic Origin","100",
"","","","74","F","American Indian","Not of Hispanic Origin","76",
"","","","74","F","Asian/Pacific Islander","Hispanic Origin","16",
"","","","74","F","Asian/Pacific Islander","Not of Hispanic Origin","486",
"","","","74","F","Black","Hispanic Origin","32",
"","","","74","F","Black","Not of Hispanic Origin","458",
"","","","74","F","White","Hispanic Origin","1,726",
"","","","74","F","White","Not of Hispanic Origin","15,332",
"","","","75","F","American Indian","Hispanic Origin","74",
"","","","75","F","American Indian","Not of Hispanic Origin","81",
"","","","75","F","Asian/Pacific Islander","Hispanic Origin","16",
"","","","75","F","Asian/Pacific Islander","Not of Hispanic Origin","465",
"","","","75","F","Black","Hispanic Origin","23",
"","","","75","F","Black","Not of Hispanic Origin","446",
"","","","75","F","White","Hispanic Origin","1,608",
"","","","75","F","White","Not of Hispanic Origin","13,638",
"","","","76","F","American Indian","Hispanic Origin","49",
"","","","76","F","American Indian","Not of Hispanic Origin","78",
"","","","76","F","Asian/Pacific Islander","Hispanic Origin","12",
"","","","76","F","Asian/Pacific Islander","Not of Hispanic Origin","392",
"","","","76","F","Black","Hispanic Origin","18",
"","","","76","F","Black","Not of Hispanic Origin","419",
"","","","76","F","White","Hispanic Origin","1,489",
"","","","76","F","White","Not of Hispanic Origin","12,164",
"","","","77","F","American Indian","Hispanic Origin","41",
"","","","77","F","American Indian","Not of Hispanic Origin","74",
"","","","77","F","Asian/Pacific Islander","Hispanic Origin","13",
"","","","77","F","Asian/Pacific Islander","Not of Hispanic Origin","375",
"","","","77","F","Black","Hispanic Origin","14",
"","","","77","F","Black","Not of Hispanic Origin","382",
"","","","77","F","White","Hispanic Origin","1,404",
"","","","77","F","White","Not of Hispanic Origin","11,197",
"","","","78","F","American Indian","Hispanic Origin","48",
"","","","78","F","American Indian","Not of Hispanic Origin","50",
"","","","78","F","Asian/Pacific Islander","Hispanic Origin","7",
"","","","78","F","Asian/Pacific Islander","Not of Hispanic Origin","323",
"","","","78","F","Black","Hispanic Origin","17",
"","","","78","F","Black","Not of Hispanic Origin","354",
"","","","78","F","White","Hispanic Origin","1,294",
"","","","78","F","White","Not of Hispanic Origin","10,632",
"","","","79","F","American Indian","Hispanic Origin","35",
"","","","79","F","American Indian","Not of Hispanic Origin","50",
"","","","79","F","Asian/Pacific Islander","Hispanic Origin","9",
"","","","79","F","Asian/Pacific Islander","Not of Hispanic Origin","326",
"","","","79","F","Black","Hispanic Origin","21",
"","","","79","F","Black","Not of Hispanic Origin","311",
"","","","79","F","White","Hispanic Origin","1,270",
"","","","79","F","White","Not of Hispanic Origin","9,791",
"","","","80","F","American Indian","Hispanic Origin","37",
"","","","80","F","American Indian","Not of Hispanic Origin","41",
"","","","80","F","Asian/Pacific Islander","Hispanic Origin","10",
"","","","80","F","Asian/Pacific Islander","Not of Hispanic Origin","301",
"","","","80","F","Black","Hispanic Origin","12",
"","","","80","F","Black","Not of Hispanic Origin","325",
"","","","80","F","White","Hispanic Origin","1,102",
"","","","80","F","White","Not of Hispanic Origin","9,018",
"","","","81","F","American Indian","Hispanic Origin","44",
"","","","81","F","American Indian","Not of Hispanic Origin","42",
"","","","81","F","Asian/Pacific Islander","Hispanic Origin","8",
"","","","81","F","Asian/Pacific Islander","Not of Hispanic Origin","267",
"","","","81","F","Black","Hispanic Origin","5",
"","","","81","F","Black","Not of Hispanic Origin","329",
"","","","81","F","White","Hispanic Origin","1,011",
"","","","81","F","White","Not of Hispanic Origin","8,470",
"","","","82","F","American Indian","Hispanic Origin","25",
"","","","82","F","American Indian","Not of Hispanic Origin","42",
"","","","82","F","Asian/Pacific Islander","Hispanic Origin","13",
"","","","82","F","Asian/Pacific Islander","Not of Hispanic Origin","247",
"","","","82","F","Black","Hispanic Origin","12",
"","","","82","F","Black","Not of Hispanic Origin","285",
"","","","82","F","White","Hispanic Origin","1,014",
"","","","82","F","White","Not of Hispanic Origin","7,911",
"","","","83","F","American Indian","Hispanic Origin","45",
"","","","83","F","American Indian","Not of Hispanic Origin","27",
"","","","83","F","Asian/Pacific Islander","Hispanic Origin","9",
"","","","83","F","Asian/Pacific Islander","Not of Hispanic Origin","238",
"","","","83","F","Black","Hispanic Origin","14",
"","","","83","F","Black","Not of Hispanic Origin","258",
"","","","83","F","White","Hispanic Origin","914",
"","","","83","F","White","Not of Hispanic Origin","7,131",
"","","","84","F","American Indian","Hispanic Origin","13",
"","","","84","F","American Indian","Not of Hispanic Origin","24",
"","","","84","F","Asian/Pacific Islander","Hispanic Origin","6",
"","","","84","F","Asian/Pacific Islander","Not of Hispanic Origin","226",
"","","","84","F","Black","Hispanic Origin","10",
"","","","84","F","Black","Not of Hispanic Origin","224",
"","","","84","F","White","Hispanic Origin","783",
"","","","84","F","White","Not of Hispanic Origin","6,832",
"","","","85","F","American Indian","Hispanic Origin","161",
"","","","85","F","American Indian","Not of Hispanic Origin","177",
"","","","85","F","Asian/Pacific Islander","Hispanic Origin","38",
"","","","85","F","Asian/Pacific Islander","Not of Hispanic Origin","1,418",
"","","","85","F","Black","Hispanic Origin","47",
"","","","85","F","Black","Not of Hispanic Origin","1,366",
"","","","85","F","White","Hispanic Origin","4,768",
"","","","85","F","White","Not of Hispanic Origin","48,166",
"","","","0","M","American Indian","Hispanic Origin","576",
"","","","0","M","American Indian","Not of Hispanic Origin","290",
"","","","0","M","Asian/Pacific Islander","Hispanic Origin","194",
"","","","0","M","Asian/Pacific Islander","Not of Hispanic Origin","1,277",
"","","","0","M","Black","Hispanic Origin","453",
"","","","0","M","Black","Not of Hispanic Origin","1,864",
"","","","0","M","White","Hispanic Origin","9,079",
"","","","0","M","White","Not of Hispanic Origin","19,853",
"","","","1","M","American Indian","Hispanic Origin","635",
"","","","1","M","American Indian","Not of Hispanic Origin","307",
"","","","1","M","Asian/Pacific Islander","Hispanic Origin","190",
"","","","1","M","Asian/Pacific Islander","Not of Hispanic Origin","1,297",
"","","","1","M","Black","Hispanic Origin","461",
"","","","1","M","Black","Not of Hispanic Origin","1,973",
"","","","1","M","White","Hispanic Origin","9,411",
"","","","1","M","White","Not of Hispanic Origin","20,062",
"","","","2","M","American Indian","Hispanic Origin","665",
"","","","2","M","American Indian","Not of Hispanic Origin","271",
"","","","2","M","Asian/Pacific Islander","Hispanic Origin","171",
"","","","2","M","Asian/Pacific Islander","Not of Hispanic Origin","1,242",
"","","","2","M","Black","Hispanic Origin","446",
"","","","2","M","Black","Not of Hispanic Origin","2,141",
"","","","2","M","White","Hispanic Origin","9,488",
"","","","2","M","White","Not of Hispanic Origin","20,067",
"","","","3","M","American Indian","Hispanic Origin","616",
"","","","3","M","American Indian","Not of Hispanic Origin","291",
"","","","3","M","Asian/Pacific Islander","Hispanic Origin","172",
"","","","3","M","Asian/Pacific Islander","Not of Hispanic Origin","1,292",
"","","","3","M","Black","Hispanic Origin","402",
"","","","3","M","Black","Not of Hispanic Origin","2,132",
"","","","3","M","White","Hispanic Origin","9,155",
"","","","3","M","White","Not of Hispanic Origin","20,223",
"","","","4","M","American Indian","Hispanic Origin","630",
"","","","4","M","American Indian","Not of Hispanic Origin","279",
"","","","4","M","Asian/Pacific Islander","Hispanic Origin","162",
"","","","4","M","Asian/Pacific Islander","Not of Hispanic Origin","1,280",
"","","","4","M","Black","Hispanic Origin","391",
"","","","4","M","Black","Not of Hispanic Origin","2,100",
"","","","4","M","White","Hispanic Origin","9,254",
"","","","4","M","White","Not of Hispanic Origin","19,797",
"","","","5","M","American Indian","Hispanic Origin","558",
"","","","5","M","American Indian","Not of Hispanic Origin","250",
"","","","5","M","Asian/Pacific Islander","Hispanic Origin","121",
"","","","5","M","Asian/Pacific Islander","Not of Hispanic Origin","1,135",
"","","","5","M","Black","Hispanic Origin","411",
"","","","5","M","Black","Not of Hispanic Origin","1,992",
"","","","5","M","White","Hispanic Origin","9,325",
"","","","5","M","White","Not of Hispanic Origin","20,141",
"","","","6","M","American Indian","Hispanic Origin","554",
"","","","6","M","American Indian","Not of Hispanic Origin","263",
"","","","6","M","Asian/Pacific Islander","Hispanic Origin","188",
"","","","6","M","Asian/Pacific Islander","Not of Hispanic Origin","1,193",
"","","","6","M","Black","Hispanic Origin","382",
"","","","6","M","Black","Not of Hispanic Origin","2,019",
"","","","6","M","White","Hispanic Origin","9,892",
"","","","6","M","White","Not of Hispanic Origin","20,309",
"","","","7","M","American Indian","Hispanic Origin","597",
"","","","7","M","American Indian","Not of Hispanic Origin","225",
"","","","7","M","Asian/Pacific Islander","Hispanic Origin","155",
"","","","7","M","Asian/Pacific Islander","Not of Hispanic Origin","1,179",
"","","","7","M","Black","Hispanic Origin","509",
"","","","7","M","Black","Not of Hispanic Origin","2,017",
"","","","7","M","White","Hispanic Origin","10,169",
"","","","7","M","White","Not of Hispanic Origin","20,178",
"","","","8","M","American Indian","Hispanic Origin","576",
"","","","8","M","American Indian","Not of Hispanic Origin","247",
"","","","8","M","Asian/Pacific Islander","Hispanic Origin","199",
"","","","8","M","Asian/Pacific Islander","Not of Hispanic Origin","1,189",
"","","","8","M","Black","Hispanic Origin","493",
"","","","8","M","Black","Not of Hispanic Origin","1,981",
"","","","8","M","White","Hispanic Origin","10,296",
"","","","8","M","White","Not of Hispanic Origin","20,996",
"","","","9","M","American Indian","Hispanic Origin","616",
"","","","9","M","American Indian","Not of Hispanic Origin","228",
"","","","9","M","Asian/Pacific Islander","Hispanic Origin","218",
"","","","9","M","Asian/Pacific Islander","Not of Hispanic Origin","1,256",
"","","","9","M","Black","Hispanic Origin","498",
"","","","9","M","Black","Not of Hispanic Origin","2,084",
"","","","9","M","White","Hispanic Origin","10,537",
"","","","9","M","White","Not of Hispanic Origin","21,489",
"","","","10","M","American Indian","Hispanic Origin","609",
"","","","10","M","American Indian","Not of Hispanic Origin","253",
"","","","10","M","Asian/Pacific Islander","Hispanic Origin","196",
"","","","10","M","Asian/Pacific Islander","Not of Hispanic Origin","1,357",
"","","","10","M","Black","Hispanic Origin","525",
"","","","10","M","Black","Not of Hispanic Origin","2,055",
"","","","10","M","White","Hispanic Origin","10,706",
"","","","10","M","White","Not of Hispanic Origin","22,019",
"","","","11","M","American Indian","Hispanic Origin","566",
"","","","11","M","American Indian","Not of Hispanic Origin","263",
"","","","11","M","Asian/Pacific Islander","Hispanic Origin","179",
"","","","11","M","Asian/Pacific Islander","Not of Hispanic Origin","1,361",
"","","","11","M","Black","Hispanic Origin","522",
"","","","11","M","Black","Not of Hispanic Origin","2,064",
"","","","11","M","White","Hispanic Origin","10,546",
"","","","11","M","White","Not of Hispanic Origin","22,255",
"","","","12","M","American Indian","Hispanic Origin","644",
"","","","12","M","American Indian","Not of Hispanic Origin","273",
"","","","12","M","Asian/Pacific Islander","Hispanic Origin","164",
"","","","12","M","Asian/Pacific Islander","Not of Hispanic Origin","1,408",
"","","","12","M","Black","Hispanic Origin","443",
"","","","12","M","Black","Not of Hispanic Origin","2,034",
"","","","12","M","White","Hispanic Origin","10,583",
"","","","12","M","White","Not of Hispanic Origin","22,132",
"","","","13","M","American Indian","Hispanic Origin","511",
"","","","13","M","American Indian","Not of Hispanic Origin","290",
"","","","13","M","Asian/Pacific Islander","Hispanic Origin","185",
"","","","13","M","Asian/Pacific Islander","Not of Hispanic Origin","1,417",
"","","","13","M","Black","Hispanic Origin","471",
"","","","13","M","Black","Not of Hispanic Origin","1,951",
"","","","13","M","White","Hispanic Origin","10,428",
"","","","13","M","White","Not of Hispanic Origin","22,533",
"","","","14","M","American Indian","Hispanic Origin","549",
"","","","14","M","American Indian","Not of Hispanic Origin","267",
"","","","14","M","Asian/Pacific Islander","Hispanic Origin","188",
"","","","14","M","Asian/Pacific Islander","Not of Hispanic Origin","1,376",
"","","","14","M","Black","Hispanic Origin","445",
"","","","14","M","Black","Not of Hispanic Origin","2,036",
"","","","14","M","White","Hispanic Origin","10,308",
"","","","14","M","White","Not of Hispanic Origin","22,326",
"","","","15","M","American Indian","Hispanic Origin","574",
"","","","15","M","American Indian","Not of Hispanic Origin","293",
"","","","15","M","Asian/Pacific Islander","Hispanic Origin","177",
"","","","15","M","Asian/Pacific Islander","Not of Hispanic Origin","1,336",
"","","","15","M","Black","Hispanic Origin","415",
"","","","15","M","Black","Not of Hispanic Origin","1,963",
"","","","15","M","White","Hispanic Origin","10,258",
"","","","15","M","White","Not of Hispanic Origin","22,002",
"","","","16","M","American Indian","Hispanic Origin","565",
"","","","16","M","American Indian","Not of Hispanic Origin","283",
"","","","16","M","Asian/Pacific Islander","Hispanic Origin","160",
"","","","16","M","Asian/Pacific Islander","Not of Hispanic Origin","1,343",
"","","","16","M","Black","Hispanic Origin","426",
"","","","16","M","Black","Not of Hispanic Origin","2,088",
"","","","16","M","White","Hispanic Origin","10,001",
"","","","16","M","White","Not of Hispanic Origin","22,164",
"","","","17","M","American Indian","Hispanic Origin","605",
"","","","17","M","American Indian","Not of Hispanic Origin","288",
"","","","17","M","Asian/Pacific Islander","Hispanic Origin","186",
"","","","17","M","Asian/Pacific Islander","Not of Hispanic Origin","1,237",
"","","","17","M","Black","Hispanic Origin","387",
"","","","17","M","Black","Not of Hispanic Origin","2,224",
"","","","17","M","White","Hispanic Origin","9,958",
"","","","17","M","White","Not of Hispanic Origin","21,952",
"","","","18","M","American Indian","Hispanic Origin","597",
"","","","18","M","American Indian","Not of Hispanic Origin","347",
"","","","18","M","Asian/Pacific Islander","Hispanic Origin","198",
"","","","18","M","Asian/Pacific Islander","Not of Hispanic Origin","1,245",
"","","","18","M","Black","Hispanic Origin","431",
"","","","18","M","Black","Not of Hispanic Origin","2,275",
"","","","18","M","White","Hispanic Origin","10,127",
"","","","18","M","White","Not of Hispanic Origin","23,314",
"","","","19","M","American Indian","Hispanic Origin","583",
"","","","19","M","American Indian","Not of Hispanic Origin","390",
"","","","19","M","Asian/Pacific Islander","Hispanic Origin","174",
"","","","19","M","Asian/Pacific Islander","Not of Hispanic Origin","1,376",
"","","","19","M","Black","Hispanic Origin","440",
"","","","19","M","Black","Not of Hispanic Origin","2,342",
"","","","19","M","White","Hispanic Origin","10,263",
"","","","19","M","White","Not of Hispanic Origin","25,076",
"","","","20","M","American Indian","Hispanic Origin","644",
"","","","20","M","American Indian","Not of Hispanic Origin","408",
"","","","20","M","Asian/Pacific Islander","Hispanic Origin","170",
"","","","20","M","Asian/Pacific Islander","Not of Hispanic Origin","1,652",
"","","","20","M","Black","Hispanic Origin","389",
"","","","20","M","Black","Not of Hispanic Origin","2,409",
"","","","20","M","White","Hispanic Origin","10,448",
"","","","20","M","White","Not of Hispanic Origin","25,384",
"","","","21","M","American Indian","Hispanic Origin","575",
"","","","21","M","American Indian","Not of Hispanic Origin","416",
"","","","21","M","Asian/Pacific Islander","Hispanic Origin","162",
"","","","21","M","Asian/Pacific Islander","Not of Hispanic Origin","1,728",
"","","","21","M","Black","Hispanic Origin","386",
"","","","21","M","Black","Not of Hispanic Origin","2,540",
"","","","21","M","White","Hispanic Origin","10,463",
"","","","21","M","White","Not of Hispanic Origin","25,722",
"","","","22","M","American Indian","Hispanic Origin","551",
"","","","22","M","American Indian","Not of Hispanic Origin","455",
"","","","22","M","Asian/Pacific Islander","Hispanic Origin","223",
"","","","22","M","Asian/Pacific Islander","Not of Hispanic Origin","1,614",
"","","","22","M","Black","Hispanic Origin","367",
"","","","22","M","Black","Not of Hispanic Origin","2,680",
"","","","22","M","White","Hispanic Origin","10,272",
"","","","22","M","White","Not of Hispanic Origin","26,592",
"","","","23","M","American Indian","Hispanic Origin","531",
"","","","23","M","American Indian","Not of Hispanic Origin","436",
"","","","23","M","Asian/Pacific Islander","Hispanic Origin","155",
"","","","23","M","Asian/Pacific Islander","Not of Hispanic Origin","1,686",
"","","","23","M","Black","Hispanic Origin","412",
"","","","23","M","Black","Not of Hispanic Origin","2,667",
"","","","23","M","White","Hispanic Origin","9,813",
"","","","23","M","White","Not of Hispanic Origin","26,718",
"","","","24","M","American Indian","Hispanic Origin","592",
"","","","24","M","American Indian","Not of Hispanic Origin","477",
"","","","24","M","Asian/Pacific Islander","Hispanic Origin","146",
"","","","24","M","Asian/Pacific Islander","Not of Hispanic Origin","1,641",
"","","","24","M","Black","Hispanic Origin","349",
"","","","24","M","Black","Not of Hispanic Origin","2,669",
"","","","24","M","White","Hispanic Origin","9,566",
"","","","24","M","White","Not of Hispanic Origin","27,526",
"","","","25","M","American Indian","Hispanic Origin","524",
"","","","25","M","American Indian","Not of Hispanic Origin","431",
"","","","25","M","Asian/Pacific Islander","Hispanic Origin","152",
"","","","25","M","Asian/Pacific Islander","Not of Hispanic Origin","1,700",
"","","","25","M","Black","Hispanic Origin","362",
"","","","25","M","Black","Not of Hispanic Origin","2,692",
"","","","25","M","White","Hispanic Origin","9,353",
"","","","25","M","White","Not of Hispanic Origin","27,499",
"","","","26","M","American Indian","Hispanic Origin","513",
"","","","26","M","American Indian","Not of Hispanic Origin","395",
"","","","26","M","Asian/Pacific Islander","Hispanic Origin","147",
"","","","26","M","Asian/Pacific Islander","Not of Hispanic Origin","1,709",
"","","","26","M","Black","Hispanic Origin","357",
"","","","26","M","Black","Not of Hispanic Origin","2,668",
"","","","26","M","White","Hispanic Origin","8,989",
"","","","26","M","White","Not of Hispanic Origin","28,345",
"","","","27","M","American Indian","Hispanic Origin","456",
"","","","27","M","American Indian","Not of Hispanic Origin","397",
"","","","27","M","Asian/Pacific Islander","Hispanic Origin","144",
"","","","27","M","Asian/Pacific Islander","Not of Hispanic Origin","1,635",
"","","","27","M","Black","Hispanic Origin","332",
"","","","27","M","Black","Not of Hispanic Origin","2,502",
"","","","27","M","White","Hispanic Origin","8,759",
"","","","27","M","White","Not of Hispanic Origin","29,009",
"","","","28","M","American Indian","Hispanic Origin","464",
"","","","28","M","American Indian","Not of Hispanic Origin","373",
"","","","28","M","Asian/Pacific Islander","Hispanic Origin","159",
"","","","28","M","Asian/Pacific Islander","Not of Hispanic Origin","1,694",
"","","","28","M","Black","Hispanic Origin","322",
"","","","28","M","Black","Not of Hispanic Origin","2,475",
"","","","28","M","White","Hispanic Origin","8,671",
"","","","28","M","White","Not of Hispanic Origin","28,980",
"","","","29","M","American Indian","Hispanic Origin","548",
"","","","29","M","American Indian","Not of Hispanic Origin","382",
"","","","29","M","Asian/Pacific Islander","Hispanic Origin","119",
"","","","29","M","Asian/Pacific Islander","Not of Hispanic Origin","1,808",
"","","","29","M","Black","Hispanic Origin","307",
"","","","29","M","Black","Not of Hispanic Origin","2,346",
"","","","29","M","White","Hispanic Origin","8,914",
"","","","29","M","White","Not of Hispanic Origin","29,352",
"","","","30","M","American Indian","Hispanic Origin","509",
"","","","30","M","American Indian","Not of Hispanic Origin","383",
"","","","30","M","Asian/Pacific Islander","Hispanic Origin","131",
"","","","30","M","Asian/Pacific Islander","Not of Hispanic Origin","1,958",
"","","","30","M","Black","Hispanic Origin","291",
"","","","30","M","Black","Not of Hispanic Origin","2,414",
"","","","30","M","White","Hispanic Origin","8,915",
"","","","30","M","White","Not of Hispanic Origin","30,371",
"","","","31","M","American Indian","Hispanic Origin","529",
"","","","31","M","American Indian","Not of Hispanic Origin","333",
"","","","31","M","Asian/Pacific Islander","Hispanic Origin","144",
"","","","31","M","Asian/Pacific Islander","Not of Hispanic Origin","1,930",
"","","","31","M","Black","Hispanic Origin","278",
"","","","31","M","Black","Not of Hispanic Origin","2,292",
"","","","31","M","White","Hispanic Origin","9,173",
"","","","31","M","White","Not of Hispanic Origin","30,227",
"","","","32","M","American Indian","Hispanic Origin","497",
"","","","32","M","American Indian","Not of Hispanic Origin","302",
"","","","32","M","Asian/Pacific Islander","Hispanic Origin","156",
"","","","32","M","Asian/Pacific Islander","Not of Hispanic Origin","1,883",
"","","","32","M","Black","Hispanic Origin","286",
"","","","32","M","Black","Not of Hispanic Origin","2,168",
"","","","32","M","White","Hispanic Origin","8,797",
"","","","32","M","White","Not of Hispanic Origin","29,761",
"","","","33","M","American Indian","Hispanic Origin","451",
"","","","33","M","American Indian","Not of Hispanic Origin","318",
"","","","33","M","Asian/Pacific Islander","Hispanic Origin","121",
"","","","33","M","Asian/Pacific Islander","Not of Hispanic Origin","1,695",
"","","","33","M","Black","Hispanic Origin","305",
"","","","33","M","Black","Not of Hispanic Origin","2,084",
"","","","33","M","White","Hispanic Origin","8,538",
"","","","33","M","White","Not of Hispanic Origin","28,289",
"","","","34","M","American Indian","Hispanic Origin","490",
"","","","34","M","American Indian","Not of Hispanic Origin","311",
"","","","34","M","Asian/Pacific Islander","Hispanic Origin","116",
"","","","34","M","Asian/Pacific Islander","Not of Hispanic Origin","1,622",
"","","","34","M","Black","Hispanic Origin","259",
"","","","34","M","Black","Not of Hispanic Origin","2,052",
"","","","34","M","White","Hispanic Origin","8,570",
"","","","34","M","White","Not of Hispanic Origin","27,573",
"","","","35","M","American Indian","Hispanic Origin","508",
"","","","35","M","American Indian","Not of Hispanic Origin","286",
"","","","35","M","Asian/Pacific Islander","Hispanic Origin","118",
"","","","35","M","Asian/Pacific Islander","Not of Hispanic Origin","1,615",
"","","","35","M","Black","Hispanic Origin","261",
"","","","35","M","Black","Not of Hispanic Origin","1,916",
"","","","35","M","White","Hispanic Origin","8,272",
"","","","35","M","White","Not of Hispanic Origin","27,175",
"","","","36","M","American Indian","Hispanic Origin","438",
"","","","36","M","American Indian","Not of Hispanic Origin","308",
"","","","36","M","Asian/Pacific Islander","Hispanic Origin","116",
"","","","36","M","Asian/Pacific Islander","Not of Hispanic Origin","1,578",
"","","","36","M","Black","Hispanic Origin","259",
"","","","36","M","Black","Not of Hispanic Origin","1,879",
"","","","36","M","White","Hispanic Origin","8,231",
"","","","36","M","White","Not of Hispanic Origin","26,611",
"","","","37","M","American Indian","Hispanic Origin","525",
"","","","37","M","American Indian","Not of Hispanic Origin","283",
"","","","37","M","Asian/Pacific Islander","Hispanic Origin","117",
"","","","37","M","Asian/Pacific Islander","Not of Hispanic Origin","1,506",
"","","","37","M","Black","Hispanic Origin","270",
"","","","37","M","Black","Not of Hispanic Origin","1,947",
"","","","37","M","White","Hispanic Origin","8,528",
"","","","37","M","White","Not of Hispanic Origin","27,081",
"","","","38","M","American Indian","Hispanic Origin","444",
"","","","38","M","American Indian","Not of Hispanic Origin","303",
"","","","38","M","Asian/Pacific Islander","Hispanic Origin","125",
"","","","38","M","Asian/Pacific Islander","Not of Hispanic Origin","1,476",
"","","","38","M","Black","Hispanic Origin","264",
"","","","38","M","Black","Not of Hispanic Origin","1,804",
"","","","38","M","White","Hispanic Origin","7,997",
"","","","38","M","White","Not of Hispanic Origin","25,856",
"","","","39","M","American Indian","Hispanic Origin","476",
"","","","39","M","American Indian","Not of Hispanic Origin","261",
"","","","39","M","Asian/Pacific Islander","Hispanic Origin","116",
"","","","39","M","Asian/Pacific Islander","Not of Hispanic Origin","1,412",
"","","","39","M","Black","Hispanic Origin","208",
"","","","39","M","Black","Not of Hispanic Origin","1,775",
"","","","39","M","White","Hispanic Origin","8,059",
"","","","39","M","White","Not of Hispanic Origin","25,392",
"","","","40","M","American Indian","Hispanic Origin","412",
"","","","40","M","American Indian","Not of Hispanic Origin","286",
"","","","40","M","Asian/Pacific Islander","Hispanic Origin","130",
"","","","40","M","Asian/Pacific Islander","Not of Hispanic Origin","1,362",
"","","","40","M","Black","Hispanic Origin","204",
"","","","40","M","Black","Not of Hispanic Origin","1,850",
"","","","40","M","White","Hispanic Origin","7,724",
"","","","40","M","White","Not of Hispanic Origin","25,193",
"","","","41","M","American Indian","Hispanic Origin","454",
"","","","41","M","American Indian","Not of Hispanic Origin","281",
"","","","41","M","Asian/Pacific Islander","Hispanic Origin","115",
"","","","41","M","Asian/Pacific Islander","Not of Hispanic Origin","1,348",
"","","","41","M","Black","Hispanic Origin","227",
"","","","41","M","Black","Not of Hispanic Origin","1,917",
"","","","41","M","White","Hispanic Origin","7,887",
"","","","41","M","White","Not of Hispanic Origin","24,564",
"","","","42","M","American Indian","Hispanic Origin","481",
"","","","42","M","American Indian","Not of Hispanic Origin","307",
"","","","42","M","Asian/Pacific Islander","Hispanic Origin","94",
"","","","42","M","Asian/Pacific Islander","Not of Hispanic Origin","1,390",
"","","","42","M","Black","Hispanic Origin","189",
"","","","42","M","Black","Not of Hispanic Origin","1,928",
"","","","42","M","White","Hispanic Origin","7,886",
"","","","42","M","White","Not of Hispanic Origin","25,450",
"","","","43","M","American Indian","Hispanic Origin","435",
"","","","43","M","American Indian","Not of Hispanic Origin","275",
"","","","43","M","Asian/Pacific Islander","Hispanic Origin","97",
"","","","43","M","Asian/Pacific Islander","Not of Hispanic Origin","1,470",
"","","","43","M","Black","Hispanic Origin","190",
"","","","43","M","Black","Not of Hispanic Origin","1,862",
"","","","43","M","White","Hispanic Origin","7,627",
"","","","43","M","White","Not of Hispanic Origin","24,753",
"","","","44","M","American Indian","Hispanic Origin","405",
"","","","44","M","American Indian","Not of Hispanic Origin","272",
"","","","44","M","Asian/Pacific Islander","Hispanic Origin","103",
"","","","44","M","Asian/Pacific Islander","Not of Hispanic Origin","1,456",
"","","","44","M","Black","Hispanic Origin","165",
"","","","44","M","Black","Not of Hispanic Origin","1,820",
"","","","44","M","White","Hispanic Origin","7,318",
"","","","44","M","White","Not of Hispanic Origin","24,599",
"","","","45","M","American Indian","Hispanic Origin","439",
"","","","45","M","American Indian","Not of Hispanic Origin","269",
"","","","45","M","Asian/Pacific Islander","Hispanic Origin","81",
"","","","45","M","Asian/Pacific Islander","Not of Hispanic Origin","1,510",
"","","","45","M","Black","Hispanic Origin","168",
"","","","45","M","Black","Not of Hispanic Origin","1,830",
"","","","45","M","White","Hispanic Origin","7,240",
"","","","45","M","White","Not of Hispanic Origin","25,985",
"","","","46","M","American Indian","Hispanic Origin","383",
"","","","46","M","American Indian","Not of Hispanic Origin","249",
"","","","46","M","Asian/Pacific Islander","Hispanic Origin","97",
"","","","46","M","Asian/Pacific Islander","Not of Hispanic Origin","1,408",
"","","","46","M","Black","Hispanic Origin","183",
"","","","46","M","Black","Not of Hispanic Origin","1,854",
"","","","46","M","White","Hispanic Origin","7,064",
"","","","46","M","White","Not of Hispanic Origin","28,069",
"","","","47","M","American Indian","Hispanic Origin","403",
"","","","47","M","American Indian","Not of Hispanic Origin","268",
"","","","47","M","Asian/Pacific Islander","Hispanic Origin","87",
"","","","47","M","Asian/Pacific Islander","Not of Hispanic Origin","1,417",
"","","","47","M","Black","Hispanic Origin","175",
"","","","47","M","Black","Not of Hispanic Origin","1,856",
"","","","47","M","White","Hispanic Origin","6,866",
"","","","47","M","White","Not of Hispanic Origin","28,063",
"","","","48","M","American Indian","Hispanic Origin","355",
"","","","48","M","American Indian","Not of Hispanic Origin","259",
"","","","48","M","Asian/Pacific Islander","Hispanic Origin","92",
"","","","48","M","Asian/Pacific Islander","Not of Hispanic Origin","1,324",
"","","","48","M","Black","Hispanic Origin","131",
"","","","48","M","Black","Not of Hispanic Origin","1,664",
"","","","48","M","White","Hispanic Origin","6,360",
"","","","48","M","White","Not of Hispanic Origin","26,760",
"","","","49","M","American Indian","Hispanic Origin","400",
"","","","49","M","American Indian","Not of Hispanic Origin","237",
"","","","49","M","Asian/Pacific Islander","Hispanic Origin","78",
"","","","49","M","Asian/Pacific Islander","Not of Hispanic Origin","1,212",
"","","","49","M","Black","Hispanic Origin","130",
"","","","49","M","Black","Not of Hispanic Origin","1,604",
"","","","49","M","White","Hispanic Origin","6,166",
"","","","49","M","White","Not of Hispanic Origin","25,179",
"","","","50","M","American Indian","Hispanic Origin","352",
"","","","50","M","American Indian","Not of Hispanic Origin","250",
"","","","50","M","Asian/Pacific Islander","Hispanic Origin","78",
"","","","50","M","Asian/Pacific Islander","Not of Hispanic Origin","1,171",
"","","","50","M","Black","Hispanic Origin","112",
"","","","50","M","Black","Not of Hispanic Origin","1,517",
"","","","50","M","White","Hispanic Origin","5,759",
"","","","50","M","White","Not of Hispanic Origin","24,456",
"","","","51","M","American Indian","Hispanic Origin","321",
"","","","51","M","American Indian","Not of Hispanic Origin","281",
"","","","51","M","Asian/Pacific Islander","Hispanic Origin","82",
"","","","51","M","Asian/Pacific Islander","Not of Hispanic Origin","1,083",
"","","","51","M","Black","Hispanic Origin","137",
"","","","51","M","Black","Not of Hispanic Origin","1,616",
"","","","51","M","White","Hispanic Origin","5,697",
"","","","51","M","White","Not of Hispanic Origin","24,444",
"","","","52","M","American Indian","Hispanic Origin","322",
"","","","52","M","American Indian","Not of Hispanic Origin","247",
"","","","52","M","Asian/Pacific Islander","Hispanic Origin","67",
"","","","52","M","Asian/Pacific Islander","Not of Hispanic Origin","1,162",
"","","","52","M","Black","Hispanic Origin","144",
"","","","52","M","Black","Not of Hispanic Origin","1,699",
"","","","52","M","White","Hispanic Origin","5,853",
"","","","52","M","White","Not of Hispanic Origin","26,177",
"","","","53","M","American Indian","Hispanic Origin","355",
"","","","53","M","American Indian","Not of Hispanic Origin","273",
"","","","53","M","Asian/Pacific Islander","Hispanic Origin","67",
"","","","53","M","Asian/Pacific Islander","Not of Hispanic Origin","1,156",
"","","","53","M","Black","Hispanic Origin","116",
"","","","53","M","Black","Not of Hispanic Origin","1,721",
"","","","53","M","White","Hispanic Origin","5,474",
"","","","53","M","White","Not of Hispanic Origin","26,994",
"","","","54","M","American Indian","Hispanic Origin","340",
"","","","54","M","American Indian","Not of Hispanic Origin","281",
"","","","54","M","Asian/Pacific Islander","Hispanic Origin","68",
"","","","54","M","Asian/Pacific Islander","Not of Hispanic Origin","1,130",
"","","","54","M","Black","Hispanic Origin","104",
"","","","54","M","Black","Not of Hispanic Origin","1,650",
"","","","54","M","White","Hispanic Origin","5,161",
"","","","54","M","White","Not of Hispanic Origin","27,634",
"","","","55","M","American Indian","Hispanic Origin","308",
"","","","55","M","American Indian","Not of Hispanic Origin","276",
"","","","55","M","Asian/Pacific Islander","Hispanic Origin","64",
"","","","55","M","Asian/Pacific Islander","Not of Hispanic Origin","991",
"","","","55","M","Black","Hispanic Origin","120",
"","","","55","M","Black","Not of Hispanic Origin","1,560",
"","","","55","M","White","Hispanic Origin","5,044",
"","","","55","M","White","Not of Hispanic Origin","28,259",
"","","","56","M","American Indian","Hispanic Origin","342",
"","","","56","M","American Indian","Not of Hispanic Origin","268",
"","","","56","M","Asian/Pacific Islander","Hispanic Origin","62",
"","","","56","M","Asian/Pacific Islander","Not of Hispanic Origin","983",
"","","","56","M","Black","Hispanic Origin","117",
"","","","56","M","Black","Not of Hispanic Origin","1,551",
"","","","56","M","White","Hispanic Origin","4,716",
"","","","56","M","White","Not of Hispanic Origin","28,732",
"","","","57","M","American Indian","Hispanic Origin","344",
"","","","57","M","American Indian","Not of Hispanic Origin","241",
"","","","57","M","Asian/Pacific Islander","Hispanic Origin","46",
"","","","57","M","Asian/Pacific Islander","Not of Hispanic Origin","957",
"","","","57","M","Black","Hispanic Origin","96",
"","","","57","M","Black","Not of Hispanic Origin","1,714",
"","","","57","M","White","Hispanic Origin","4,857",
"","","","57","M","White","Not of Hispanic Origin","29,235",
"","","","58","M","American Indian","Hispanic Origin","265",
"","","","58","M","American Indian","Not of Hispanic Origin","249",
"","","","58","M","Asian/Pacific Islander","Hispanic Origin","47",
"","","","58","M","Asian/Pacific Islander","Not of Hispanic Origin","863",
"","","","58","M","Black","Hispanic Origin","91",
"","","","58","M","Black","Not of Hispanic Origin","1,589",
"","","","58","M","White","Hispanic Origin","4,352",
"","","","58","M","White","Not of Hispanic Origin","28,742",
"","","","59","M","American Indian","Hispanic Origin","285",
"","","","59","M","American Indian","Not of Hispanic Origin","246",
"","","","59","M","Asian/Pacific Islander","Hispanic Origin","50",
"","","","59","M","Asian/Pacific Islander","Not of Hispanic Origin","876",
"","","","59","M","Black","Hispanic Origin","85",
"","","","59","M","Black","Not of Hispanic Origin","1,478",
"","","","59","M","White","Hispanic Origin","4,079",
"","","","59","M","White","Not of Hispanic Origin","28,545",
"","","","60","M","American Indian","Hispanic Origin","293",
"","","","60","M","American Indian","Not of Hispanic Origin","221",
"","","","60","M","Asian/Pacific Islander","Hispanic Origin","46",
"","","","60","M","Asian/Pacific Islander","Not of Hispanic Origin","833",
"","","","60","M","Black","Hispanic Origin","79",
"","","","60","M","Black","Not of Hispanic Origin","1,421",
"","","","60","M","White","Hispanic Origin","3,950",
"","","","60","M","White","Not of Hispanic Origin","27,946",
"","","","61","M","American Indian","Hispanic Origin","255",
"","","","61","M","American Indian","Not of Hispanic Origin","194",
"","","","61","M","Asian/Pacific Islander","Hispanic Origin","43",
"","","","61","M","Asian/Pacific Islander","Not of Hispanic Origin","744",
"","","","61","M","Black","Hispanic Origin","71",
"","","","61","M","Black","Not of Hispanic Origin","1,258",
"","","","61","M","White","Hispanic Origin","3,669",
"","","","61","M","White","Not of Hispanic Origin","27,245",
"","","","62","M","American Indian","Hispanic Origin","221",
"","","","62","M","American Indian","Not of Hispanic Origin","208",
"","","","62","M","Asian/Pacific Islander","Hispanic Origin","38",
"","","","62","M","Asian/Pacific Islander","Not of Hispanic Origin","742",
"","","","62","M","Black","Hispanic Origin","50",
"","","","62","M","Black","Not of Hispanic Origin","1,257",
"","","","62","M","White","Hispanic Origin","3,593",
"","","","62","M","White","Not of Hispanic Origin","26,338",
"","","","63","M","American Indian","Hispanic Origin","211",
"","","","63","M","American Indian","Not of Hispanic Origin","228",
"","","","63","M","Asian/Pacific Islander","Hispanic Origin","33",
"","","","63","M","Asian/Pacific Islander","Not of Hispanic Origin","691",
"","","","63","M","Black","Hispanic Origin","52",
"","","","63","M","Black","Not of Hispanic Origin","1,114",
"","","","63","M","White","Hispanic Origin","3,319",
"","","","63","M","White","Not of Hispanic Origin","25,374",
"","","","64","M","American Indian","Hispanic Origin","210",
"","","","64","M","American Indian","Not of Hispanic Origin","198",
"","","","64","M","Asian/Pacific Islander","Hispanic Origin","25",
"","","","64","M","Asian/Pacific Islander","Not of Hispanic Origin","631",
"","","","64","M","Black","Hispanic Origin","52",
"","","","64","M","Black","Not of Hispanic Origin","1,036",
"","","","64","M","White","Hispanic Origin","3,039",
"","","","64","M","White","Not of Hispanic Origin","24,858",
"","","","65","M","American Indian","Hispanic Origin","175",
"","","","65","M","American Indian","Not of Hispanic Origin","188",
"","","","65","M","Asian/Pacific Islander","Hispanic Origin","22",
"","","","65","M","Asian/Pacific Islander","Not of Hispanic Origin","577",
"","","","65","M","Black","Hispanic Origin","37",
"","","","65","M","Black","Not of Hispanic Origin","1,015",
"","","","65","M","White","Hispanic Origin","2,830",
"","","","65","M","White","Not of Hispanic Origin","24,021",
"","","","66","M","American Indian","Hispanic Origin","165",
"","","","66","M","American Indian","Not of Hispanic Origin","200",
"","","","66","M","Asian/Pacific Islander","Hispanic Origin","23",
"","","","66","M","Asian/Pacific Islander","Not of Hispanic Origin","538",
"","","","66","M","Black","Hispanic Origin","32",
"","","","66","M","Black","Not of Hispanic Origin","883",
"","","","66","M","White","Hispanic Origin","2,742",
"","","","66","M","White","Not of Hispanic Origin","22,639",
"","","","67","M","American Indian","Hispanic Origin","138",
"","","","67","M","American Indian","Not of Hispanic Origin","172",
"","","","67","M","Asian/Pacific Islander","Hispanic Origin","28",
"","","","67","M","Asian/Pacific Islander","Not of Hispanic Origin","631",
"","","","67","M","Black","Hispanic Origin","36",
"","","","67","M","Black","Not of Hispanic Origin","822",
"","","","67","M","White","Hispanic Origin","2,634",
"","","","67","M","White","Not of Hispanic Origin","21,735",
"","","","68","M","American Indian","Hispanic Origin","129",
"","","","68","M","American Indian","Not of Hispanic Origin","160",
"","","","68","M","Asian/Pacific Islander","Hispanic Origin","16",
"","","","68","M","Asian/Pacific Islander","Not of Hispanic Origin","576",
"","","","68","M","Black","Hispanic Origin","31",
"","","","68","M","Black","Not of Hispanic Origin","749",
"","","","68","M","White","Hispanic Origin","2,362",
"","","","68","M","White","Not of Hispanic Origin","21,058",
"","","","69","M","American Indian","Hispanic Origin","120",
"","","","69","M","American Indian","Not of Hispanic Origin","142",
"","","","69","M","Asian/Pacific Islander","Hispanic Origin","23",
"","","","69","M","Asian/Pacific Islander","Not of Hispanic Origin","539",
"","","","69","M","Black","Hispanic Origin","46",
"","","","69","M","Black","Not of Hispanic Origin","707",
"","","","69","M","White","Hispanic Origin","2,358",
"","","","69","M","White","Not of Hispanic Origin","21,167",
"","","","70","M","American Indian","Hispanic Origin","112",
"","","","70","M","American Indian","Not of Hispanic Origin","161",
"","","","70","M","Asian/Pacific Islander","Hispanic Origin","30",
"","","","70","M","Asian/Pacific Islander","Not of Hispanic Origin","419",
"","","","70","M","Black","Hispanic Origin","31",
"","","","70","M","Black","Not of Hispanic Origin","631",
"","","","70","M","White","Hispanic Origin","2,113",
"","","","70","M","White","Not of Hispanic Origin","21,046",
"","","","71","M","American Indian","Hispanic Origin","126",
"","","","71","M","American Indian","Not of Hispanic Origin","119",
"","","","71","M","Asian/Pacific Islander","Hispanic Origin","17",
"","","","71","M","Asian/Pacific Islander","Not of Hispanic Origin","409",
"","","","71","M","Black","Hispanic Origin","30",
"","","","71","M","Black","Not of Hispanic Origin","538",
"","","","71","M","White","Hispanic Origin","1,892",
"","","","71","M","White","Not of Hispanic Origin","16,115",
"","","","72","M","American Indian","Hispanic Origin","82",
"","","","72","M","American Indian","Not of Hispanic Origin","113",
"","","","72","M","Asian/Pacific Islander","Hispanic Origin","16",
"","","","72","M","Asian/Pacific Islander","Not of Hispanic Origin","372",
"","","","72","M","Black","Hispanic Origin","16",
"","","","72","M","Black","Not of Hispanic Origin","447",
"","","","72","M","White","Hispanic Origin","1,665",
"","","","72","M","White","Not of Hispanic Origin","14,607",
"","","","73","M","American Indian","Hispanic Origin","79",
"","","","73","M","American Indian","Not of Hispanic Origin","83",
"","","","73","M","Asian/Pacific Islander","Hispanic Origin","11",
"","","","73","M","Asian/Pacific Islander","Not of Hispanic Origin","363",
"","","","73","M","Black","Hispanic Origin","19",
"","","","73","M","Black","Not of Hispanic Origin","437",
"","","","73","M","White","Hispanic Origin","1,520",
"","","","73","M","White","Not of Hispanic Origin","14,169",
"","","","74","M","American Indian","Hispanic Origin","74",
"","","","74","M","American Indian","Not of Hispanic Origin","91",
"","","","74","M","Asian/Pacific Islander","Hispanic Origin","14",
"","","","74","M","Asian/Pacific Islander","Not of Hispanic Origin","329",
"","","","74","M","Black","Hispanic Origin","12",
"","","","74","M","Black","Not of Hispanic Origin","397",
"","","","74","M","White","Hispanic Origin","1,433",
"","","","74","M","White","Not of Hispanic Origin","13,560",
"","","","75","M","American Indian","Hispanic Origin","56",
"","","","75","M","American Indian","Not of Hispanic Origin","80",
"","","","75","M","Asian/Pacific Islander","Hispanic Origin","16",
"","","","75","M","Asian/Pacific Islander","Not of Hispanic Origin","309",
"","","","75","M","Black","Hispanic Origin","19",
"","","","75","M","Black","Not of Hispanic Origin","346",
"","","","75","M","White","Hispanic Origin","1,265",
"","","","75","M","White","Not of Hispanic Origin","11,845",
"","","","76","M","American Indian","Hispanic Origin","63",
"","","","76","M","American Indian","Not of Hispanic Origin","77",
"","","","76","M","Asian/Pacific Islander","Hispanic Origin","11",
"","","","76","M","Asian/Pacific Islander","Not of Hispanic Origin","268",
"","","","76","M","Black","Hispanic Origin","13",
"","","","76","M","Black","Not of Hispanic Origin","336",
"","","","76","M","White","Hispanic Origin","1,143",
"","","","76","M","White","Not of Hispanic Origin","10,411",
"","","","77","M","American Indian","Hispanic Origin","32",
"","","","77","M","American Indian","Not of Hispanic Origin","60",
"","","","77","M","Asian/Pacific Islander","Hispanic Origin","9",
"","","","77","M","Asian/Pacific Islander","Not of Hispanic Origin","241",
"","","","77","M","Black","Hispanic Origin","13",
"","","","77","M","Black","Not of Hispanic Origin","339",
"","","","77","M","White","Hispanic Origin","1,113",
"","","","77","M","White","Not of Hispanic Origin","9,539",
"","","","78","M","American Indian","Hispanic Origin","43",
"","","","78","M","American Indian","Not of Hispanic Origin","59",
"","","","78","M","Asian/Pacific Islander","Hispanic Origin","6",
"","","","78","M","Asian/Pacific Islander","Not of Hispanic Origin","241",
"","","","78","M","Black","Hispanic Origin","8",
"","","","78","M","Black","Not of Hispanic Origin","274",
"","","","78","M","White","Hispanic Origin","1,079",
"","","","78","M","White","Not of Hispanic Origin","8,766",
"","","","79","M","American Indian","Hispanic Origin","36",
"","","","79","M","American Indian","Not of Hispanic Origin","27",
"","","","79","M","Asian/Pacific Islander","Hispanic Origin","10",
"","","","79","M","Asian/Pacific Islander","Not of Hispanic Origin","214",
"","","","79","M","Black","Hispanic Origin","8",
"","","","79","M","Black","Not of Hispanic Origin","250",
"","","","79","M","White","Hispanic Origin","963",
"","","","79","M","White","Not of Hispanic Origin","8,167",
"","","","80","M","American Indian","Hispanic Origin","28",
"","","","80","M","American Indian","Not of Hispanic Origin","42",
"","","","80","M","Asian/Pacific Islander","Hispanic Origin","5",
"","","","80","M","Asian/Pacific Islander","Not of Hispanic Origin","250",
"","","","80","M","Black","Hispanic Origin","8",
"","","","80","M","Black","Not of Hispanic Origin","234",
"","","","80","M","White","Hispanic Origin","909",
"","","","80","M","White","Not of Hispanic Origin","7,353",
"","","","81","M","American Indian","Hispanic Origin","8",
"","","","81","M","American Indian","Not of Hispanic Origin","40",
"","","","81","M","Asian/Pacific Islander","Hispanic Origin","4",
"","","","81","M","Asian/Pacific Islander","Not of Hispanic Origin","211",
"","","","81","M","Black","Hispanic Origin","7",
"","","","81","M","Black","Not of Hispanic Origin","234",
"","","","81","M","White","Hispanic Origin","837",
"","","","81","M","White","Not of Hispanic Origin","6,651",
"","","","82","M","American Indian","Hispanic Origin","8",
"","","","82","M","American Indian","Not of Hispanic Origin","32",
"","","","82","M","Asian/Pacific Islander","Hispanic Origin","8",
"","","","82","M","Asian/Pacific Islander","Not of Hispanic Origin","151",
"","","","82","M","Black","Hispanic Origin","7",
"","","","82","M","Black","Not of Hispanic Origin","215",
"","","","82","M","White","Hispanic Origin","720",
"","","","82","M","White","Not of Hispanic Origin","6,094",
"","","","83","M","American Indian","Hispanic Origin","29",
"","","","83","M","American Indian","Not of Hispanic Origin","27",
"","","","83","M","Asian/Pacific Islander","Hispanic Origin","5",
"","","","83","M","Asian/Pacific Islander","Not of Hispanic Origin","153",
"","","","83","M","Black","Hispanic Origin","9",
"","","","83","M","Black","Not of Hispanic Origin","177",
"","","","83","M","White","Hispanic Origin","641",
"","","","83","M","White","Not of Hispanic Origin","5,433",
"","","","84","M","American Indian","Hispanic Origin","19",
"","","","84","M","American Indian","Not of Hispanic Origin","25",
"","","","84","M","Asian/Pacific Islander","Hispanic Origin","6",
"","","","84","M","Asian/Pacific Islander","Not of Hispanic Origin","128",
"","","","84","M","Black","Hispanic Origin","7",
"","","","84","M","Black","Not of Hispanic Origin","163",
"","","","84","M","White","Hispanic Origin","565",
"","","","84","M","White","Not of Hispanic Origin","4,968",
"","","","85","M","American Indian","Hispanic Origin","70",
"","","","85","M","American Indian","Not of Hispanic Origin","124",
"","","","85","M","Asian/Pacific Islander","Hispanic Origin","22",
"","","","85","M","Asian/Pacific Islander","Not of Hispanic Origin","642",
"","","","85","M","Black","Hispanic Origin","22",
"","","","85","M","Black","Not of Hispanic Origin","696",
"","","","85","M","White","Hispanic Origin","2,911",
"","","","85","M","White","Not of Hispanic Origin","28,033",